/*
SQLyog Professional v12.08 (64 bit)
MySQL - 5.7.19 : Database - fish_shop_db
*********************************************************************
*/

/*!40101 SET NAMES utf8 */;

/*!40101 SET SQL_MODE=''*/;

/*!40014 SET @OLD_UNIQUE_CHECKS=@@UNIQUE_CHECKS, UNIQUE_CHECKS=0 */;
/*!40014 SET @OLD_FOREIGN_KEY_CHECKS=@@FOREIGN_KEY_CHECKS, FOREIGN_KEY_CHECKS=0 */;
/*!40101 SET @OLD_SQL_MODE=@@SQL_MODE, SQL_MODE='NO_AUTO_VALUE_ON_ZERO' */;
/*!40111 SET @OLD_SQL_NOTES=@@SQL_NOTES, SQL_NOTES=0 */;
CREATE DATABASE /*!32312 IF NOT EXISTS*/`fish_shop_db` /*!40100 DEFAULT CHARACTER SET utf8mb4 COLLATE utf8mb4_unicode_ci */;

USE `fish_shop_db`;

/*Table structure for table `cart` */

DROP TABLE IF EXISTS `cart`;

CREATE TABLE `cart` (
  `id` int(11) NOT NULL AUTO_INCREMENT,
  `user_id` int(11) NOT NULL COMMENT '用户ID',
  `product_id` int(11) NOT NULL COMMENT '商品ID',
  `quantity` int(11) NOT NULL DEFAULT '1' COMMENT '数量（最小1，不超过库存）',
  `created_at` datetime NOT NULL DEFAULT CURRENT_TIMESTAMP,
  `updated_at` datetime NOT NULL DEFAULT CURRENT_TIMESTAMP ON UPDATE CURRENT_TIMESTAMP,
  PRIMARY KEY (`id`),
  UNIQUE KEY `uk_user_product` (`user_id`,`product_id`),
  KEY `idx_cart_user_id` (`user_id`),
  KEY `idx_cart_product_id` (`product_id`),
  CONSTRAINT `fk_cart_product` FOREIGN KEY (`product_id`) REFERENCES `product` (`id`) ON DELETE CASCADE ON UPDATE CASCADE,
  CONSTRAINT `fk_cart_user` FOREIGN KEY (`user_id`) REFERENCES `user` (`id`) ON DELETE CASCADE ON UPDATE CASCADE
) ENGINE=InnoDB AUTO_INCREMENT=8 DEFAULT CHARSET=utf8mb4 COMMENT='购物车表';

/*Data for the table `cart` */

insert  into `cart`(`id`,`user_id`,`product_id`,`quantity`,`created_at`,`updated_at`) values (2,2,33,2,'2026-05-11 17:58:27','2026-05-11 17:58:27'),(4,1,9,1,'2026-05-11 21:52:03','2026-05-11 21:52:03'),(7,2,5,1,'2026-05-18 23:25:07','2026-05-18 23:25:07');

/*Table structure for table `category` */

DROP TABLE IF EXISTS `category`;

CREATE TABLE `category` (
  `id` int(11) NOT NULL AUTO_INCREMENT,
  `name` varchar(50) NOT NULL COMMENT '分类名称（如鱼类、虾类）',
  `sort_order` int(11) NOT NULL DEFAULT '0',
  `status` tinyint(1) NOT NULL DEFAULT '1',
  `created_at` datetime NOT NULL DEFAULT CURRENT_TIMESTAMP,
  `updated_at` datetime NOT NULL DEFAULT CURRENT_TIMESTAMP ON UPDATE CURRENT_TIMESTAMP,
  PRIMARY KEY (`id`),
  UNIQUE KEY `uk_name` (`name`)
) ENGINE=InnoDB AUTO_INCREMENT=11 DEFAULT CHARSET=utf8mb4 COMMENT='商品分类表';

/*Data for the table `category` */

insert  into `category`(`id`,`name`,`sort_order`,`status`,`created_at`,`updated_at`) values (1,'淡水鲜鱼',1,1,'2026-05-11 17:08:04','2026-05-11 17:08:04'),(2,'海水鲜鱼',2,1,'2026-05-11 17:08:04','2026-05-11 17:08:04'),(3,'鲜虾龙虾',3,1,'2026-05-11 17:08:04','2026-05-11 17:08:04'),(4,'蟹类水产',4,1,'2026-05-11 17:08:04','2026-05-11 17:08:04'),(5,'贝螺蛤蜊',5,1,'2026-05-11 17:08:04','2026-05-11 17:08:04'),(6,'冷冻水产',6,1,'2026-05-11 17:08:04','2026-05-11 17:08:04'),(7,'海产干货',7,1,'2026-05-11 17:08:04','2026-05-11 17:08:04'),(8,'火锅丸滑',8,1,'2026-05-11 17:08:04','2026-05-11 17:08:04'),(9,'即食水产',9,1,'2026-05-11 17:08:04','2026-05-11 17:08:04'),(10,'海鲜套餐',10,1,'2026-05-11 17:08:04','2026-05-11 17:08:04');

/*Table structure for table `order_item` */

DROP TABLE IF EXISTS `order_item`;

CREATE TABLE `order_item` (
  `id` int(11) NOT NULL AUTO_INCREMENT,
  `order_id` int(11) NOT NULL COMMENT '所属订单ID',
  `product_id` int(11) DEFAULT NULL COMMENT '商品ID（可为空，快照）',
  `product_name` varchar(200) NOT NULL COMMENT '下单时的商品名称',
  `price` decimal(10,2) NOT NULL COMMENT '下单时的单价',
  `quantity` int(11) NOT NULL COMMENT '购买数量',
  `subtotal` decimal(10,2) NOT NULL COMMENT '小计',
  `created_at` datetime NOT NULL DEFAULT CURRENT_TIMESTAMP,
  PRIMARY KEY (`id`),
  KEY `idx_item_order_id` (`order_id`),
  KEY `idx_item_product_id` (`product_id`),
  CONSTRAINT `fk_item_order` FOREIGN KEY (`order_id`) REFERENCES `orders` (`id`) ON DELETE CASCADE ON UPDATE CASCADE,
  CONSTRAINT `fk_item_product` FOREIGN KEY (`product_id`) REFERENCES `product` (`id`) ON DELETE SET NULL ON UPDATE CASCADE
) ENGINE=InnoDB AUTO_INCREMENT=230 DEFAULT CHARSET=utf8mb4 COMMENT='订单商品表';

/*Data for the table `order_item` */

insert  into `order_item`(`id`,`order_id`,`product_id`,`product_name`,`price`,`quantity`,`subtotal`,`created_at`) values (1,1,15,'面包蟹','128.00',1,'128.00','2026-05-11 18:02:56'),(2,1,34,'蒲烧烤鳗鱼','59.90',2,'119.80','2026-05-11 18:02:56'),(3,2,40,'轻食低脂鱼虾套餐','88.00',1,'88.00','2026-05-18 10:28:32'),(4,3,36,'香辣鱿鱼须','18.90',2,'37.80','2026-05-29 21:35:39'),(5,3,17,'鲜活花蛤','19.80',3,'59.40','2026-05-29 21:35:39'),(6,3,39,'海鲜烧烤套餐','128.00',2,'256.00','2026-05-29 21:35:39'),(7,4,20,'海螺片','39.90',2,'79.80','2026-05-29 21:35:57'),(8,5,29,'手打虾滑','32.80',1,'32.80','2026-05-29 21:35:57'),(9,5,15,'面包蟹','128.00',3,'384.00','2026-05-29 21:35:57'),(10,6,8,'鳕鱼','56.80',2,'113.60','2026-05-29 21:35:57'),(11,6,19,'鲍鱼仔','96.00',1,'96.00','2026-05-29 21:35:57'),(12,6,20,'海螺片','39.90',3,'119.70','2026-05-29 21:35:57'),(13,7,19,'鲍鱼仔','96.00',2,'192.00','2026-05-29 21:35:57'),(14,7,10,'罗氏沼虾','68.00',1,'68.00','2026-05-29 21:35:57'),(15,8,4,'鲫鱼','16.80',1,'16.80','2026-05-29 21:35:57'),(16,9,8,'鳕鱼','56.80',1,'56.80','2026-05-29 21:35:57'),(17,10,25,'福建紫菜','9.90',2,'19.80','2026-05-29 21:35:57'),(18,11,32,'蟹籽包','24.90',1,'24.90','2026-05-29 21:35:57'),(19,11,26,'淡干虾皮','12.80',3,'38.40','2026-05-29 21:35:57'),(20,12,24,'去壳虾仁','46.50',3,'139.50','2026-05-29 21:35:57'),(21,12,34,'蒲烧烤鳗鱼','59.90',1,'59.90','2026-05-29 21:35:57'),(22,13,32,'蟹籽包','24.90',1,'24.90','2026-05-29 21:35:57'),(23,13,7,'银鲳鱼','49.90',2,'99.80','2026-05-29 21:35:57'),(24,14,13,'舟山梭子蟹','79.00',1,'79.00','2026-05-29 21:35:57'),(25,14,29,'手打虾滑','32.80',2,'65.60','2026-05-29 21:35:57'),(26,14,33,'即食海蜇头','19.80',3,'59.40','2026-05-29 21:35:57'),(27,15,31,'鱼丸组合','26.80',3,'80.40','2026-05-29 21:35:57'),(28,15,6,'东海带鱼','33.80',1,'33.80','2026-05-29 21:35:57'),(29,16,18,'扇贝肉','26.80',3,'80.40','2026-05-29 21:35:58'),(30,16,17,'鲜活花蛤','19.80',3,'59.40','2026-05-29 21:35:58'),(31,16,1,'鲈鱼','42.80',1,'42.80','2026-05-29 21:35:58'),(32,17,5,'舟山黄花鱼','39.80',2,'79.60','2026-05-29 21:35:58'),(33,18,7,'银鲳鱼','49.90',2,'99.80','2026-05-29 21:35:58'),(34,19,10,'罗氏沼虾','68.00',3,'204.00','2026-05-29 21:35:58'),(35,19,23,'冷冻鱿鱼圈','28.80',2,'57.60','2026-05-29 21:35:58'),(36,19,20,'海螺片','39.90',2,'79.80','2026-05-29 21:35:58'),(37,20,10,'罗氏沼虾','68.00',3,'204.00','2026-05-29 21:35:58'),(38,20,20,'海螺片','39.90',1,'39.90','2026-05-29 21:35:58'),(39,21,19,'鲍鱼仔','96.00',1,'96.00','2026-05-29 21:35:58'),(40,22,8,'鳕鱼','56.80',3,'170.40','2026-05-29 21:35:58'),(41,23,23,'冷冻鱿鱼圈','28.80',3,'86.40','2026-05-29 21:35:58'),(42,23,12,'小龙虾虾尾','49.90',1,'49.90','2026-05-29 21:35:58'),(43,24,8,'鳕鱼','56.80',3,'170.40','2026-05-29 21:35:58'),(44,25,10,'罗氏沼虾','68.00',3,'204.00','2026-05-29 21:35:58'),(45,25,23,'冷冻鱿鱼圈','28.80',2,'57.60','2026-05-29 21:35:58'),(46,26,16,'帝王蟹腿','198.00',3,'594.00','2026-05-29 21:35:58'),(47,26,39,'海鲜烧烤套餐','128.00',2,'256.00','2026-05-29 21:35:58'),(48,26,4,'鲫鱼','16.80',2,'33.60','2026-05-29 21:35:58'),(49,27,14,'阳澄湖大闸蟹','108.00',3,'324.00','2026-05-29 21:35:58'),(50,28,4,'鲫鱼','16.80',3,'50.40','2026-05-29 21:35:58'),(51,28,5,'舟山黄花鱼','39.80',3,'119.40','2026-05-29 21:35:58'),(52,28,39,'海鲜烧烤套餐','128.00',2,'256.00','2026-05-29 21:35:58'),(53,29,14,'阳澄湖大闸蟹','108.00',2,'216.00','2026-05-29 21:35:58'),(54,29,27,'瑶柱干贝','68.00',1,'68.00','2026-05-29 21:35:58'),(55,29,39,'海鲜烧烤套餐','128.00',3,'384.00','2026-05-29 21:35:58'),(56,30,5,'舟山黄花鱼','39.80',2,'79.60','2026-05-29 21:35:58'),(57,30,8,'鳕鱼','56.80',2,'113.60','2026-05-29 21:35:58'),(58,31,13,'舟山梭子蟹','79.00',2,'158.00','2026-05-29 21:35:58'),(59,31,2,'黑鱼','32.90',1,'32.90','2026-05-29 21:35:58'),(60,32,17,'鲜活花蛤','19.80',3,'59.40','2026-05-29 21:35:58'),(61,32,38,'清蒸鲜鱼套餐','68.00',1,'68.00','2026-05-29 21:35:58'),(62,33,14,'阳澄湖大闸蟹','108.00',1,'108.00','2026-05-29 21:35:58'),(63,33,25,'福建紫菜','9.90',2,'19.80','2026-05-29 21:35:58'),(64,33,17,'鲜活花蛤','19.80',1,'19.80','2026-05-29 21:35:58'),(65,34,18,'扇贝肉','26.80',1,'26.80','2026-05-29 21:35:58'),(66,35,39,'海鲜烧烤套餐','128.00',3,'384.00','2026-05-29 21:35:58'),(67,35,30,'墨鱼丸','22.80',1,'22.80','2026-05-29 21:35:58'),(68,35,27,'瑶柱干贝','68.00',3,'204.00','2026-05-29 21:35:58'),(69,36,18,'扇贝肉','26.80',1,'26.80','2026-05-29 21:35:58'),(70,36,7,'银鲳鱼','49.90',3,'149.70','2026-05-29 21:35:58'),(71,36,19,'鲍鱼仔','96.00',1,'96.00','2026-05-29 21:35:58'),(72,37,34,'蒲烧烤鳗鱼','59.90',3,'179.70','2026-05-29 21:35:58'),(73,37,25,'福建紫菜','9.90',2,'19.80','2026-05-29 21:35:58'),(74,37,13,'舟山梭子蟹','79.00',3,'237.00','2026-05-29 21:35:58'),(75,38,32,'蟹籽包','24.90',2,'49.80','2026-05-29 21:35:58'),(76,38,22,'半壳扇贝','38.80',1,'38.80','2026-05-29 21:35:58'),(77,39,2,'黑鱼','32.90',2,'65.80','2026-05-29 21:35:58'),(78,39,27,'瑶柱干贝','68.00',3,'204.00','2026-05-29 21:35:58'),(79,40,5,'舟山黄花鱼','39.80',2,'79.60','2026-05-29 21:35:58'),(80,41,14,'阳澄湖大闸蟹','108.00',2,'216.00','2026-05-29 21:35:58'),(81,41,34,'蒲烧烤鳗鱼','59.90',1,'59.90','2026-05-29 21:35:58'),(82,42,12,'小龙虾虾尾','49.90',3,'149.70','2026-05-29 21:35:58'),(83,43,5,'舟山黄花鱼','39.80',3,'119.40','2026-05-29 21:35:58'),(84,43,35,'麻辣鱼皮','15.80',3,'47.40','2026-05-29 21:35:58'),(85,44,4,'鲫鱼','16.80',3,'50.40','2026-05-29 21:35:58'),(86,44,17,'鲜活花蛤','19.80',2,'39.60','2026-05-29 21:35:58'),(87,44,13,'舟山梭子蟹','79.00',2,'158.00','2026-05-29 21:35:58'),(88,45,9,'活冻基围虾','59.90',1,'59.90','2026-05-29 21:35:58'),(89,46,25,'福建紫菜','9.90',3,'29.70','2026-05-29 21:35:58'),(90,46,1,'鲈鱼','42.80',1,'42.80','2026-05-29 21:35:58'),(91,46,40,'轻食低脂鱼虾套餐','88.00',3,'264.00','2026-05-29 21:35:58'),(92,47,4,'鲫鱼','16.80',1,'16.80','2026-05-29 21:35:58'),(93,48,34,'蒲烧烤鳗鱼','59.90',3,'179.70','2026-05-29 21:35:58'),(94,49,33,'即食海蜇头','19.80',1,'19.80','2026-05-29 21:35:58'),(95,49,34,'蒲烧烤鳗鱼','59.90',2,'119.80','2026-05-29 21:35:58'),(96,49,9,'活冻基围虾','59.90',2,'119.80','2026-05-29 21:35:58'),(97,50,33,'即食海蜇头','19.80',2,'39.60','2026-05-29 21:35:58'),(98,50,12,'小龙虾虾尾','49.90',1,'49.90','2026-05-29 21:35:58'),(99,51,3,'草鱼','18.90',2,'37.80','2026-05-29 21:35:58'),(100,52,36,'香辣鱿鱼须','18.90',1,'18.90','2026-05-29 21:35:58'),(101,52,26,'淡干虾皮','12.80',1,'12.80','2026-05-29 21:35:58'),(102,53,9,'活冻基围虾','59.90',1,'59.90','2026-05-29 21:35:58'),(103,53,39,'海鲜烧烤套餐','128.00',2,'256.00','2026-05-29 21:35:58'),(104,53,32,'蟹籽包','24.90',1,'24.90','2026-05-29 21:35:58'),(105,54,30,'墨鱼丸','22.80',2,'45.60','2026-05-29 21:35:58'),(106,54,26,'淡干虾皮','12.80',3,'38.40','2026-05-29 21:35:58'),(107,54,22,'半壳扇贝','38.80',2,'77.60','2026-05-29 21:35:58'),(108,55,11,'斑节虾','88.00',2,'176.00','2026-05-29 21:35:58'),(109,55,10,'罗氏沼虾','68.00',1,'68.00','2026-05-29 21:35:58'),(110,55,6,'东海带鱼','33.80',1,'33.80','2026-05-29 21:35:58'),(111,56,34,'蒲烧烤鳗鱼','59.90',2,'119.80','2026-05-29 21:35:58'),(112,56,19,'鲍鱼仔','96.00',1,'96.00','2026-05-29 21:35:58'),(113,57,29,'手打虾滑','32.80',2,'65.60','2026-05-29 21:35:58'),(114,57,19,'鲍鱼仔','96.00',2,'192.00','2026-05-29 21:35:58'),(115,58,38,'清蒸鲜鱼套餐','68.00',1,'68.00','2026-05-29 21:35:58'),(116,58,19,'鲍鱼仔','96.00',1,'96.00','2026-05-29 21:35:58'),(117,59,27,'瑶柱干贝','68.00',2,'136.00','2026-05-29 21:35:58'),(118,60,37,'家庭火锅水产套餐','99.00',1,'99.00','2026-05-29 21:35:58'),(119,61,11,'斑节虾','88.00',1,'88.00','2026-05-29 21:35:58'),(120,61,32,'蟹籽包','24.90',3,'74.70','2026-05-29 21:35:58'),(121,62,10,'罗氏沼虾','68.00',3,'204.00','2026-05-29 21:35:58'),(122,63,14,'阳澄湖大闸蟹','108.00',2,'216.00','2026-05-29 21:35:58'),(123,63,23,'冷冻鱿鱼圈','28.80',2,'57.60','2026-05-29 21:35:58'),(124,63,33,'即食海蜇头','19.80',3,'59.40','2026-05-29 21:35:58'),(125,64,3,'草鱼','18.90',2,'37.80','2026-05-29 21:35:58'),(126,64,26,'淡干虾皮','12.80',3,'38.40','2026-05-29 21:35:58'),(127,64,35,'麻辣鱼皮','15.80',3,'47.40','2026-05-29 21:35:58'),(128,65,13,'舟山梭子蟹','79.00',2,'158.00','2026-05-29 21:35:58'),(129,66,32,'蟹籽包','24.90',3,'74.70','2026-05-29 21:35:58'),(130,67,30,'墨鱼丸','22.80',1,'22.80','2026-05-29 21:35:58'),(131,68,6,'东海带鱼','33.80',2,'67.60','2026-05-29 21:35:58'),(132,69,40,'轻食低脂鱼虾套餐','88.00',3,'264.00','2026-05-29 21:35:58'),(133,69,31,'鱼丸组合','26.80',1,'26.80','2026-05-29 21:35:58'),(134,70,1,'鲈鱼','42.80',2,'85.60','2026-05-29 21:35:58'),(135,70,12,'小龙虾虾尾','49.90',3,'149.70','2026-05-29 21:35:58'),(136,71,35,'麻辣鱼皮','15.80',2,'31.60','2026-05-29 21:35:58'),(137,71,5,'舟山黄花鱼','39.80',2,'79.60','2026-05-29 21:35:58'),(138,71,9,'活冻基围虾','59.90',2,'119.80','2026-05-29 21:35:58'),(139,72,10,'罗氏沼虾','68.00',1,'68.00','2026-05-29 21:35:58'),(140,72,27,'瑶柱干贝','68.00',3,'204.00','2026-05-29 21:35:58'),(141,73,39,'海鲜烧烤套餐','128.00',3,'384.00','2026-05-29 21:35:58'),(142,74,30,'墨鱼丸','22.80',1,'22.80','2026-05-29 21:35:58'),(143,74,36,'香辣鱿鱼须','18.90',2,'37.80','2026-05-29 21:35:58'),(144,75,31,'鱼丸组合','26.80',2,'53.60','2026-05-29 21:35:58'),(145,76,1,'鲈鱼','42.80',2,'85.60','2026-05-29 21:35:58'),(146,77,20,'海螺片','39.90',3,'119.70','2026-05-29 21:35:58'),(147,77,14,'阳澄湖大闸蟹','108.00',3,'324.00','2026-05-29 21:35:58'),(148,78,27,'瑶柱干贝','68.00',3,'204.00','2026-05-29 21:35:58'),(149,78,25,'福建紫菜','9.90',2,'19.80','2026-05-29 21:35:58'),(150,79,37,'家庭火锅水产套餐','99.00',2,'198.00','2026-05-29 21:35:58'),(151,80,21,'巴沙鱼柳','24.80',3,'74.40','2026-05-29 21:35:58'),(152,81,35,'麻辣鱼皮','15.80',3,'47.40','2026-05-29 21:35:58'),(153,81,11,'斑节虾','88.00',1,'88.00','2026-05-29 21:35:58'),(154,82,14,'阳澄湖大闸蟹','108.00',2,'216.00','2026-05-29 21:35:58'),(155,83,8,'鳕鱼','56.80',1,'56.80','2026-05-29 21:35:58'),(156,84,33,'即食海蜇头','19.80',2,'39.60','2026-05-29 21:35:58'),(157,84,24,'去壳虾仁','46.50',3,'139.50','2026-05-29 21:35:58'),(158,84,14,'阳澄湖大闸蟹','108.00',1,'108.00','2026-05-29 21:35:58'),(159,85,32,'蟹籽包','24.90',3,'74.70','2026-05-29 21:35:58'),(160,85,34,'蒲烧烤鳗鱼','59.90',1,'59.90','2026-05-29 21:35:58'),(161,86,33,'即食海蜇头','19.80',3,'59.40','2026-05-29 21:35:58'),(162,87,15,'面包蟹','128.00',2,'256.00','2026-05-29 21:35:58'),(163,87,39,'海鲜烧烤套餐','128.00',2,'256.00','2026-05-29 21:35:58'),(164,88,32,'蟹籽包','24.90',3,'74.70','2026-05-29 21:35:58'),(165,88,35,'麻辣鱼皮','15.80',2,'31.60','2026-05-29 21:35:58'),(166,89,17,'鲜活花蛤','19.80',2,'39.60','2026-05-29 21:35:58'),(167,90,19,'鲍鱼仔','96.00',3,'288.00','2026-05-29 21:35:58'),(168,91,1,'鲈鱼','42.80',2,'85.60','2026-05-29 21:35:58'),(169,91,32,'蟹籽包','24.90',1,'24.90','2026-05-29 21:35:58'),(170,91,3,'草鱼','18.90',3,'56.70','2026-05-29 21:35:58'),(171,92,2,'黑鱼','32.90',3,'98.70','2026-05-29 21:35:58'),(172,92,22,'半壳扇贝','38.80',1,'38.80','2026-05-29 21:35:58'),(173,92,20,'海螺片','39.90',1,'39.90','2026-05-29 21:35:58'),(174,93,19,'鲍鱼仔','96.00',3,'288.00','2026-05-29 21:35:58'),(175,93,15,'面包蟹','128.00',2,'256.00','2026-05-29 21:35:58'),(176,94,38,'清蒸鲜鱼套餐','68.00',2,'136.00','2026-05-29 21:35:58'),(177,95,28,'海带结','9.90',1,'9.90','2026-05-29 21:35:58'),(178,95,34,'蒲烧烤鳗鱼','59.90',3,'179.70','2026-05-29 21:35:58'),(179,95,12,'小龙虾虾尾','49.90',1,'49.90','2026-05-29 21:35:58'),(180,96,25,'福建紫菜','9.90',2,'19.80','2026-05-29 21:35:58'),(181,97,31,'鱼丸组合','26.80',2,'53.60','2026-05-29 21:35:58'),(182,98,16,'帝王蟹腿','198.00',2,'396.00','2026-05-29 21:35:58'),(183,98,9,'活冻基围虾','59.90',1,'59.90','2026-05-29 21:35:58'),(184,98,26,'淡干虾皮','12.80',1,'12.80','2026-05-29 21:35:58'),(185,99,24,'去壳虾仁','46.50',1,'46.50','2026-05-29 21:35:58'),(186,99,38,'清蒸鲜鱼套餐','68.00',2,'136.00','2026-05-29 21:35:58'),(187,99,39,'海鲜烧烤套餐','128.00',2,'256.00','2026-05-29 21:35:58'),(188,100,4,'鲫鱼','16.80',1,'16.80','2026-05-29 21:35:58'),(189,100,9,'活冻基围虾','59.90',2,'119.80','2026-05-29 21:35:58'),(190,101,10,'罗氏沼虾','68.00',2,'136.00','2026-05-29 21:35:58'),(191,101,27,'瑶柱干贝','68.00',2,'136.00','2026-05-29 21:35:58'),(192,101,23,'冷冻鱿鱼圈','28.80',3,'86.40','2026-05-29 21:35:58'),(193,102,28,'海带结','9.90',2,'19.80','2026-05-29 21:35:58'),(194,102,8,'鳕鱼','56.80',3,'170.40','2026-05-29 21:35:58'),(195,103,33,'即食海蜇头','19.80',1,'19.80','2026-05-29 23:50:44'),(196,104,22,'半壳扇贝','38.80',2,'77.60','2026-05-29 23:50:44'),(197,105,30,'墨鱼丸','22.80',3,'68.40','2026-05-29 23:50:44'),(198,105,7,'银鲳鱼','49.90',1,'49.90','2026-05-29 23:50:44'),(199,106,3,'草鱼','18.90',2,'37.80','2026-05-29 23:50:44'),(200,106,6,'东海带鱼','33.80',2,'67.60','2026-05-29 23:50:44'),(201,106,29,'手打虾滑','32.80',3,'98.40','2026-05-29 23:50:44'),(202,107,22,'半壳扇贝','38.80',3,'116.40','2026-05-29 23:50:44'),(203,107,33,'即食海蜇头','19.80',1,'19.80','2026-05-29 23:50:44'),(204,107,35,'麻辣鱼皮','15.80',3,'47.40','2026-05-29 23:50:44'),(205,108,31,'鱼丸组合','26.80',3,'80.40','2026-05-29 23:50:44'),(206,108,36,'香辣鱿鱼须','18.90',2,'37.80','2026-05-29 23:50:44'),(207,108,11,'斑节虾','88.00',2,'176.00','2026-05-29 23:50:44'),(208,109,15,'面包蟹','128.00',3,'384.00','2026-05-29 23:50:44'),(209,109,18,'扇贝肉','26.80',3,'80.40','2026-05-29 23:50:44'),(210,109,32,'蟹籽包','24.90',3,'74.70','2026-05-29 23:50:44'),(211,110,21,'巴沙鱼柳','24.80',2,'49.60','2026-05-29 23:50:44'),(212,110,4,'鲫鱼','16.80',1,'16.80','2026-05-29 23:50:44'),(213,111,12,'小龙虾虾尾','49.90',1,'49.90','2026-05-29 23:50:44'),(214,111,22,'半壳扇贝','38.80',3,'116.40','2026-05-29 23:50:44'),(215,111,38,'清蒸鲜鱼套餐','68.00',2,'136.00','2026-05-29 23:50:44'),(216,112,6,'东海带鱼','33.80',3,'101.40','2026-05-29 23:50:44'),(217,112,32,'蟹籽包','24.90',1,'24.90','2026-05-29 23:50:44'),(218,112,20,'海螺片','39.90',1,'39.90','2026-05-29 23:50:44'),(219,113,9,'活冻基围虾','59.90',1,'59.90','2026-05-29 23:50:44'),(220,114,37,'家庭火锅水产套餐','99.00',2,'198.00','2026-05-29 23:50:44'),(221,115,35,'麻辣鱼皮','15.80',3,'47.40','2026-05-29 23:50:44'),(222,115,21,'巴沙鱼柳','24.80',3,'74.40','2026-05-29 23:50:44'),(223,116,16,'帝王蟹腿','198.00',2,'396.00','2026-05-29 23:50:44'),(224,117,18,'扇贝肉','26.80',3,'80.40','2026-05-29 23:50:44'),(225,117,5,'舟山黄花鱼','39.80',1,'39.80','2026-05-29 23:50:44'),(226,118,34,'蒲烧烤鳗鱼','59.90',2,'119.80','2026-05-30 08:08:56'),(227,118,12,'小龙虾虾尾','49.90',1,'49.90','2026-05-30 08:08:56'),(228,118,39,'海鲜烧烤套餐','128.00',1,'128.00','2026-05-30 08:08:56'),(229,119,40,'轻食低脂鱼虾套餐','88.00',4,'352.00','2026-05-30 08:13:30');

/*Table structure for table `orders` */

DROP TABLE IF EXISTS `orders`;

CREATE TABLE `orders` (
  `id` int(11) NOT NULL AUTO_INCREMENT,
  `order_no` varchar(50) NOT NULL COMMENT '订单号（系统生成）',
  `user_id` int(11) NOT NULL COMMENT '下单用户ID',
  `receiver_name` varchar(50) NOT NULL COMMENT '收货人姓名',
  `receiver_phone` varchar(20) NOT NULL COMMENT '收货联系电话',
  `address_detail` varchar(255) NOT NULL COMMENT '用户填写的收货地址',
  `tracking_no` varchar(100) DEFAULT NULL,
  `total_amount` decimal(10,2) NOT NULL COMMENT '订单总金额',
  `status` tinyint(1) NOT NULL DEFAULT '0' COMMENT '0-待发货，1-待收货，2-已完成',
  `created_at` datetime NOT NULL DEFAULT CURRENT_TIMESTAMP COMMENT '下单时间',
  `updated_at` datetime NOT NULL DEFAULT CURRENT_TIMESTAMP ON UPDATE CURRENT_TIMESTAMP,
  PRIMARY KEY (`id`),
  UNIQUE KEY `uk_order_no` (`order_no`),
  KEY `idx_orders_user_id` (`user_id`),
  KEY `idx_orders_status` (`status`),
  CONSTRAINT `fk_order_user` FOREIGN KEY (`user_id`) REFERENCES `user` (`id`) ON UPDATE CASCADE
) ENGINE=InnoDB AUTO_INCREMENT=120 DEFAULT CHARSET=utf8mb4 COMMENT='订单表';

/*Data for the table `orders` */

insert  into `orders`(`id`,`order_no`,`user_id`,`receiver_name`,`receiver_phone`,`address_detail`,`tracking_no`,`total_amount`,`status`,`created_at`,`updated_at`) values (1,'FM202605111802562606751',2,'小民','18812345678','湖南理工大学',NULL,'247.80',3,'2026-05-11 18:02:56','2026-05-18 10:33:51'),(2,'FM202605181028325422468',2,'小民','18812345678','湖南理工大学',NULL,'88.00',2,'2026-05-18 10:28:32','2026-05-18 10:33:41'),(3,'FM20260523448207180408',22,'罗刚','15700000019','福州市鼓楼区五四路158号环球广场',NULL,'353.20',0,'2026-05-23 16:03:04','2026-05-29 21:35:39'),(4,'FM20260523291592926030',11,'黄强','15700000008','南京市鼓楼区中山北路28号江苏商厦',NULL,'79.80',0,'2026-05-23 11:11:46','2026-05-29 21:35:57'),(5,'FM20260523728585684472',8,'陈立','15700000005','杭州市滨江区江南大道108号康恩贝大厦','SF1879241328','416.80',2,'2026-05-23 13:07:59','2026-05-29 21:35:57'),(6,'FM20260523473216697014',20,'林涛','15700000017','厦门市思明区鹭江道18号国际银行大厦','SF1402097474','329.30',2,'2026-05-23 10:24:23','2026-05-29 21:35:57'),(7,'FM20260523148891700286',17,'朱婷','15700000014','郑州市金水区花园路39号国贸新领地',NULL,'260.00',0,'2026-05-23 19:09:56','2026-05-29 21:35:57'),(8,'FM20260523562375564143',23,'梁燕','15700000020','昆明市五华区东风西路129号','SF1793505390','16.80',3,'2026-05-23 15:31:32','2026-05-29 21:35:57'),(9,'FM20260523547669408888',9,'杨磊','15700000006','成都市武侯区天府大道中段688号国际人才城',NULL,'56.80',0,'2026-05-23 20:40:45','2026-05-29 21:35:57'),(10,'FM20260523389469333815',2,'小民','18812345678','湖南理工大学','SF1980098660','19.80',2,'2026-05-23 17:39:42','2026-05-29 21:35:57'),(11,'FM20260523798947630745',13,'吴秀英','15700000010','天津市和平区南京路108号现代城','SF1632056485','63.30',2,'2026-05-23 18:55:43','2026-05-29 21:35:57'),(12,'FM20260523180157390827',20,'林涛','15700000017','厦门市思明区鹭江道18号国际银行大厦','SF1435571781','199.40',2,'2026-05-23 09:54:52','2026-05-29 21:35:57'),(13,'FM20260523605292482053',6,'王芳','15700000003','广州市天河区珠江新城花城大道66号',NULL,'124.70',0,'2026-05-23 20:10:55','2026-05-29 21:35:57'),(14,'FM20260523378185765490',23,'梁文静','15700000020','昆明市盘龙区北京路900号颐高数码','SF1114723300','204.00',3,'2026-05-23 17:53:00','2026-05-29 21:35:57'),(15,'FM20260523674697967327',5,'李娜','15700000002','上海市浦东新区张江高科技园区碧波路690号3号楼201','SF1425927125','114.20',2,'2026-05-23 15:18:28','2026-05-29 21:35:57'),(16,'FM20260523722687290133',13,'吴秀英','15700000010','天津市和平区南京路108号现代城','SF1080684145','182.60',3,'2026-05-23 10:30:06','2026-05-29 21:35:57'),(17,'FM20260523836810309997',9,'杨磊','15700000006','成都市武侯区天府大道中段688号国际人才城',NULL,'79.60',0,'2026-05-23 14:17:04','2026-05-29 21:35:58'),(18,'FM20260524377230722983',12,'周杰','15700000009','重庆市渝中区解放碑民权路28号英利国际','SF1071935181','99.80',2,'2026-05-24 10:58:55','2026-05-29 21:35:58'),(19,'FM20260524409661902302',12,'周杰','15700000009','重庆市渝中区解放碑民权路28号英利国际','SF1684009769','341.40',3,'2026-05-24 11:58:33','2026-05-29 21:35:58'),(20,'FM20260524955302954280',13,'吴秀英','15700000010','天津市和平区南京路108号现代城','SF1658505807','243.90',2,'2026-05-24 08:04:17','2026-05-29 21:35:58'),(21,'FM20260524782348196875',15,'孙丽','15700000012','西安市雁塔区科技路48号创业广场','SF1800690094','96.00',2,'2026-05-24 21:57:05','2026-05-29 21:35:58'),(22,'FM20260524896358509462',4,'张伟','15700000001','北京市朝阳区建国路88号SOHO现代城A座1205室',NULL,'170.40',1,'2026-05-24 17:48:28','2026-05-29 21:35:58'),(23,'FM20260524887677478273',8,'陈静','15700000005','杭州市西湖区文三路478号华星时代广场','SF1558442955','136.30',2,'2026-05-24 17:00:41','2026-05-29 21:35:58'),(24,'FM20260524117401907791',15,'孙丽','15700000012','西安市雁塔区科技路48号创业广场','SF1861506820','170.40',3,'2026-05-24 17:05:22','2026-05-29 21:35:58'),(25,'FM20260524671939197737',12,'周杰','15700000009','重庆市渝中区解放碑民权路28号英利国际',NULL,'261.60',0,'2026-05-24 09:47:46','2026-05-29 21:35:58'),(26,'FM20260524167893634106',10,'赵敏','15700000007','武汉市洪山区珞喻路1037号','SF1382243681','883.60',2,'2026-05-24 19:11:20','2026-05-29 21:35:58'),(27,'FM20260524991765233816',23,'梁燕','15700000020','昆明市五华区东风西路129号',NULL,'324.00',1,'2026-05-24 08:58:47','2026-05-29 21:35:58'),(28,'FM20260524181741115413',16,'马建国','15700000013','长沙市开福区芙蓉中路一段479号',NULL,'425.80',0,'2026-05-24 17:59:02','2026-05-29 21:35:58'),(29,'FM20260524509896493773',16,'马超','15700000013','长沙市岳麓区麓山南路932号','SF1637559846','668.00',2,'2026-05-24 10:40:41','2026-05-29 21:35:58'),(30,'FM20260524820547439740',11,'黄明','15700000008','南京市玄武区北京东路22号和平大厦','SF1904853871','193.20',3,'2026-05-24 18:09:42','2026-05-29 21:35:58'),(31,'FM20260524876257679692',4,'张伟','15700000001','北京市朝阳区建国路88号SOHO现代城A座1205室',NULL,'190.90',0,'2026-05-24 17:19:28','2026-05-29 21:35:58'),(32,'FM20260524651900311601',18,'胡兵','15700000015','济南市历下区泉城路180号贵和购物中心','SF1680037832','127.40',2,'2026-05-24 17:06:01','2026-05-29 21:35:58'),(33,'FM20260525873302140819',17,'朱婷','15700000014','郑州市金水区花园路39号国贸新领地',NULL,'147.60',0,'2026-05-25 12:23:07','2026-05-29 21:35:58'),(34,'FM20260525239247907791',6,'王大伟','15700000003','广州市海珠区新港中路354号琶洲商业广场',NULL,'26.80',0,'2026-05-25 10:51:18','2026-05-29 21:35:58'),(35,'FM20260525858976713893',6,'王大伟','15700000003','广州市海珠区新港中路354号琶洲商业广场',NULL,'610.80',0,'2026-05-25 16:28:46','2026-05-29 21:35:58'),(36,'FM20260525997416561766',10,'赵敏','15700000007','武汉市洪山区珞喻路1037号',NULL,'272.50',1,'2026-05-25 08:28:37','2026-05-29 21:35:58'),(37,'FM20260525376459998821',6,'王芳','15700000003','广州市天河区珠江新城花城大道66号',NULL,'436.50',0,'2026-05-25 11:13:53','2026-05-29 21:35:58'),(38,'FM20260525513594419289',5,'李娜','15700000002','上海市浦东新区张江高科技园区碧波路690号3号楼201',NULL,'88.60',0,'2026-05-25 08:38:54','2026-05-29 21:35:58'),(39,'FM20260525654353660990',10,'赵敏','15700000007','武汉市洪山区珞喻路1037号',NULL,'269.80',1,'2026-05-25 15:33:57','2026-05-29 21:35:58'),(40,'FM20260525502279696807',9,'杨磊','15700000006','成都市武侯区天府大道中段688号国际人才城','SF1129114887','79.60',3,'2026-05-25 19:04:02','2026-05-29 21:35:58'),(41,'FM20260525992901416366',5,'李娜','15700000002','上海市浦东新区张江高科技园区碧波路690号3号楼201','SF1598870134','275.90',2,'2026-05-25 18:18:41','2026-05-29 21:35:58'),(42,'FM20260525242912933971',14,'徐丽华','15700000011','苏州市工业园区星湖街328号创意产业园',NULL,'149.70',0,'2026-05-25 21:37:36','2026-05-29 21:35:58'),(43,'FM20260525868297753771',13,'吴秀英','15700000010','天津市和平区南京路108号现代城',NULL,'166.80',0,'2026-05-25 13:19:04','2026-05-29 21:35:58'),(44,'FM20260525908972446182',19,'郭雪','15700000016','青岛市市南区香港中路8号海信广场','SF1391048304','248.00',2,'2026-05-25 12:00:16','2026-05-29 21:35:58'),(45,'FM20260525350350369169',17,'朱婷','15700000014','郑州市金水区花园路39号国贸新领地',NULL,'59.90',0,'2026-05-25 18:35:22','2026-05-29 21:35:58'),(46,'FM20260525221789446520',10,'赵敏','15700000007','武汉市洪山区珞喻路1037号','SF1238333766','336.50',3,'2026-05-25 09:28:33','2026-05-29 21:35:58'),(47,'FM20260525334935410966',20,'林涛','15700000017','厦门市思明区鹭江道18号国际银行大厦','SF1732099442','16.80',2,'2026-05-25 20:44:44','2026-05-29 21:35:58'),(48,'FM20260526294221862195',14,'徐丽华','15700000011','苏州市工业园区星湖街328号创意产业园',NULL,'179.70',1,'2026-05-26 10:43:59','2026-05-29 21:35:58'),(49,'FM20260526576347602499',16,'马超','15700000013','长沙市岳麓区麓山南路932号','SF1782665341','259.40',2,'2026-05-26 16:16:40','2026-05-29 21:35:58'),(50,'FM20260526588879737907',19,'郭雪','15700000016','青岛市市南区香港中路8号海信广场','SF1892815456','89.50',2,'2026-05-26 19:24:22','2026-05-29 21:35:58'),(51,'FM20260526365270490306',10,'赵敏','15700000007','武汉市洪山区珞喻路1037号','SF1150934005','37.80',2,'2026-05-26 16:08:19','2026-05-29 21:35:58'),(52,'FM20260526833513523063',13,'吴秀英','15700000010','天津市和平区南京路108号现代城',NULL,'31.70',1,'2026-05-26 17:25:56','2026-05-29 21:35:58'),(53,'FM20260526143140876350',2,'小民','18812345678','湖南理工大学',NULL,'340.80',1,'2026-05-26 10:27:05','2026-05-29 21:35:58'),(54,'FM20260526442934682233',12,'周杰','15700000009','重庆市渝中区解放碑民权路28号英利国际','SF1151233648','161.60',3,'2026-05-26 10:14:06','2026-05-29 21:35:58'),(55,'FM20260526665276881667',9,'杨磊','15700000006','成都市武侯区天府大道中段688号国际人才城','SF1860776516','277.80',3,'2026-05-26 17:20:28','2026-05-29 21:35:58'),(56,'FM20260526515153501126',10,'赵敏','15700000007','武汉市洪山区珞喻路1037号','SF1708976810','215.80',3,'2026-05-26 14:55:29','2026-05-29 21:35:58'),(57,'FM20260526261197985235',8,'陈立','15700000005','杭州市滨江区江南大道108号康恩贝大厦',NULL,'257.60',0,'2026-05-26 18:18:10','2026-05-29 21:35:58'),(58,'FM20260526437732156719',16,'马建国','15700000013','长沙市开福区芙蓉中路一段479号','SF1767244270','164.00',2,'2026-05-26 19:39:31','2026-05-29 21:35:58'),(59,'FM20260526845164130219',7,'刘洋','15700000004','深圳市南山区科技园科苑路15号科兴科学园B栋','SF1806369223','136.00',2,'2026-05-26 09:29:47','2026-05-29 21:35:58'),(60,'FM20260526828782107914',16,'马超','15700000013','长沙市岳麓区麓山南路932号',NULL,'99.00',1,'2026-05-26 16:13:01','2026-05-29 21:35:58'),(61,'FM20260526322462298589',19,'郭雪','15700000016','青岛市市南区香港中路8号海信广场',NULL,'162.70',1,'2026-05-26 12:41:50','2026-05-29 21:35:58'),(62,'FM20260527547856245680',10,'赵敏','15700000007','武汉市洪山区珞喻路1037号',NULL,'204.00',1,'2026-05-27 18:40:10','2026-05-29 21:35:58'),(63,'FM20260527127556342430',10,'赵敏','15700000007','武汉市洪山区珞喻路1037号','SF1462224007','333.00',3,'2026-05-27 18:07:05','2026-05-29 21:35:58'),(64,'FM20260527786361927766',10,'赵敏','15700000007','武汉市洪山区珞喻路1037号',NULL,'123.60',1,'2026-05-27 11:38:13','2026-05-29 21:35:58'),(65,'FM20260527123354919540',13,'吴秀英','15700000010','天津市和平区南京路108号现代城',NULL,'158.00',1,'2026-05-27 13:50:33','2026-05-29 21:35:58'),(66,'FM20260527239695335403',19,'郭雪','15700000016','青岛市市南区香港中路8号海信广场',NULL,'74.70',0,'2026-05-27 13:15:51','2026-05-29 21:35:58'),(67,'FM20260527619373750012',14,'徐建','15700000011','苏州市姑苏区干将西路1296号',NULL,'22.80',1,'2026-05-27 16:48:04','2026-05-29 21:35:58'),(68,'FM20260527910688660372',12,'周杰','15700000009','重庆市渝中区解放碑民权路28号英利国际',NULL,'67.60',1,'2026-05-27 13:24:07','2026-05-29 21:35:58'),(69,'FM20260527658335403633',10,'赵敏','15700000007','武汉市洪山区珞喻路1037号','SF1521900205','290.80',2,'2026-05-27 21:38:21','2026-05-29 21:35:58'),(70,'FM20260527506840180244',8,'陈立','15700000005','杭州市滨江区江南大道108号康恩贝大厦','SF1954445647','235.30',2,'2026-05-27 10:42:07','2026-05-29 21:35:58'),(71,'FM20260527638630903798',20,'林涛','15700000017','厦门市思明区鹭江道18号国际银行大厦','SF1747206454','231.00',3,'2026-05-27 19:48:21','2026-05-29 21:35:58'),(72,'FM20260527665345456565',17,'朱婷','15700000014','郑州市金水区花园路39号国贸新领地','SF1812760802','272.00',2,'2026-05-27 18:04:54','2026-05-29 21:35:58'),(73,'FM20260527756754631147',11,'黄强','15700000008','南京市鼓楼区中山北路28号江苏商厦',NULL,'384.00',0,'2026-05-27 12:25:51','2026-05-29 21:35:58'),(74,'FM20260527222992441643',8,'陈立','15700000005','杭州市滨江区江南大道108号康恩贝大厦',NULL,'60.60',1,'2026-05-27 18:35:41','2026-05-29 21:35:58'),(75,'FM20260527516005185372',7,'刘洋','15700000004','深圳市南山区科技园科苑路15号科兴科学园B栋',NULL,'53.60',0,'2026-05-27 21:22:34','2026-05-29 21:35:58'),(76,'FM20260528718097849173',17,'朱婷','15700000014','郑州市金水区花园路39号国贸新领地','SF1692798109','85.60',3,'2026-05-28 18:35:23','2026-05-29 21:35:58'),(77,'FM20260528331046834383',5,'李小红','15700000002','上海市徐汇区漕溪北路595号上海电影广场',NULL,'443.70',0,'2026-05-28 15:53:09','2026-05-29 21:35:58'),(78,'FM20260528919862404347',8,'陈立','15700000005','杭州市滨江区江南大道108号康恩贝大厦','SF1869280410','223.80',3,'2026-05-28 13:44:30','2026-05-29 21:35:58'),(79,'FM20260528139580263240',9,'杨磊','15700000006','成都市武侯区天府大道中段688号国际人才城',NULL,'198.00',1,'2026-05-28 11:07:53','2026-05-29 21:35:58'),(80,'FM20260528243561284860',5,'李小红','15700000002','上海市徐汇区漕溪北路595号上海电影广场',NULL,'74.40',1,'2026-05-28 19:57:06','2026-05-29 21:35:58'),(81,'FM20260528919442326196',10,'赵敏','15700000007','武汉市洪山区珞喻路1037号',NULL,'135.40',1,'2026-05-28 15:39:49','2026-05-29 21:35:58'),(82,'FM20260528503747380624',10,'赵敏','15700000007','武汉市洪山区珞喻路1037号','SF1329561455','216.00',2,'2026-05-28 11:02:46','2026-05-29 21:35:58'),(83,'FM20260528908333849091',4,'张伟','15700000001','北京市朝阳区建国路88号SOHO现代城A座1205室',NULL,'56.80',0,'2026-05-28 15:41:27','2026-05-29 21:35:58'),(84,'FM20260528187216772823',16,'马超','15700000013','长沙市岳麓区麓山南路932号','SF1118931577','287.10',2,'2026-05-28 17:48:30','2026-05-29 21:35:58'),(85,'FM20260528519360223672',7,'刘洋','15700000004','深圳市南山区科技园科苑路15号科兴科学园B栋',NULL,'134.60',0,'2026-05-28 09:58:49','2026-05-29 21:35:58'),(86,'FM20260528508949299614',6,'王大伟','15700000003','广州市海珠区新港中路354号琶洲商业广场','SF1808043943','59.40',2,'2026-05-28 10:23:55','2026-05-29 21:35:58'),(87,'FM20260528971968937701',17,'朱婷','15700000014','郑州市金水区花园路39号国贸新领地',NULL,'512.00',0,'2026-05-28 17:25:47','2026-05-29 21:35:58'),(88,'FM20260528353297471806',4,'张伟','15700000001','北京市朝阳区建国路88号SOHO现代城A座1205室','SF1490805809','106.30',2,'2026-05-28 20:52:52','2026-05-29 21:35:58'),(89,'FM20260528438136233205',13,'吴秀英','15700000010','天津市和平区南京路108号现代城','SF1745575242','39.60',2,'2026-05-28 17:22:00','2026-05-29 21:35:58'),(90,'FM20260529162520919138',17,'朱婷','15700000014','郑州市金水区花园路39号国贸新领地',NULL,'288.00',1,'2026-05-29 09:46:09','2026-05-29 21:35:58'),(91,'FM20260529636883401932',8,'陈立','15700000005','杭州市滨江区江南大道108号康恩贝大厦','SF1956270784','167.20',3,'2026-05-29 10:57:34','2026-05-29 21:35:58'),(92,'FM20260529837526537988',11,'黄强','15700000008','南京市鼓楼区中山北路28号江苏商厦',NULL,'177.40',1,'2026-05-29 19:07:15','2026-05-29 21:35:58'),(93,'FM20260529857081409200',11,'黄强','15700000008','南京市鼓楼区中山北路28号江苏商厦','SF1176757019','544.00',2,'2026-05-29 14:25:51','2026-05-29 21:35:58'),(94,'FM20260529750790294660',4,'张伟','15700000001','北京市朝阳区建国路88号SOHO现代城A座1205室',NULL,'136.00',1,'2026-05-29 15:02:53','2026-05-29 21:35:58'),(95,'FM20260529521963709256',6,'王芳','15700000003','广州市天河区珠江新城花城大道66号',NULL,'239.50',1,'2026-05-29 08:49:25','2026-05-29 21:35:58'),(96,'FM20260529974954974816',4,'张伟','15700000001','北京市朝阳区建国路88号SOHO现代城A座1205室',NULL,'19.80',0,'2026-05-29 17:27:08','2026-05-29 21:35:58'),(97,'FM20260529241427567194',13,'吴秀英','15700000010','天津市和平区南京路108号现代城','SF1707196927','53.60',2,'2026-05-29 15:22:25','2026-05-29 21:35:58'),(98,'FM20260529269699618550',4,'张伟','15700000001','北京市朝阳区建国路88号SOHO现代城A座1205室','SF1335838102','468.70',2,'2026-05-29 14:56:32','2026-05-29 21:35:58'),(99,'FM20260529954052742640',6,'王大伟','15700000003','广州市海珠区新港中路354号琶洲商业广场',NULL,'438.50',1,'2026-05-29 13:30:51','2026-05-29 21:35:58'),(100,'FM20260529876612156159',4,'张伟','15700000001','北京市朝阳区建国路88号SOHO现代城A座1205室','SF1130182523','136.60',2,'2026-05-29 21:37:00','2026-05-29 21:35:58'),(101,'FM20260529822745640560',9,'杨磊','15700000006','成都市武侯区天府大道中段688号国际人才城',NULL,'358.40',0,'2026-05-29 10:32:07','2026-05-29 21:35:58'),(102,'FM20260529105569332550',6,'王芳','15700000003','广州市天河区珠江新城花城大道66号',NULL,'190.20',0,'2026-05-29 10:26:51','2026-05-29 21:35:58'),(103,'FM20260530476176508007',11,'黄强','15700000008','南京市鼓楼区中山北路28号江苏商厦','SF1953794528','19.80',3,'2026-05-30 08:53:57','2026-05-29 23:50:43'),(104,'FM20260530201301592988',2,'小民','18812345678','湖南理工大学','SF1182604441','77.60',2,'2026-05-30 20:38:32','2026-05-29 23:50:44'),(105,'FM20260530486528230010',6,'王芳','15700000003','广州市天河区珠江新城花城大道66号',NULL,'118.30',0,'2026-05-30 19:05:58','2026-05-29 23:50:44'),(106,'FM20260530772203466823',20,'林涛','15700000017','厦门市思明区鹭江道18号国际银行大厦',NULL,'203.80',0,'2026-05-30 18:55:47','2026-05-29 23:50:44'),(107,'FM20260530717361701161',4,'张伟','15700000001','北京市朝阳区建国路88号SOHO现代城A座1205室',NULL,'183.60',0,'2026-05-30 18:17:28','2026-05-29 23:50:44'),(108,'FM20260530527808549669',4,'张伟','15700000001','北京市朝阳区建国路88号SOHO现代城A座1205室',NULL,'294.20',1,'2026-05-30 15:15:24','2026-05-29 23:50:44'),(109,'FM20260530649839937554',8,'陈静','15700000005','杭州市西湖区文三路478号华星时代广场',NULL,'539.10',0,'2026-05-30 20:06:20','2026-05-29 23:50:44'),(110,'FM20260530287354999203',2,'小民','18812345678','湖南理工大学',NULL,'66.40',0,'2026-05-30 20:54:00','2026-05-29 23:50:44'),(111,'FM20260530786009843132',13,'吴秀英','15700000010','天津市和平区南京路108号现代城',NULL,'302.30',0,'2026-05-30 12:51:54','2026-05-29 23:50:44'),(112,'FM20260530404278167914',6,'王芳','15700000003','广州市天河区珠江新城花城大道66号',NULL,'166.20',1,'2026-05-30 09:04:34','2026-05-29 23:50:44'),(113,'FM20260530202209574137',2,'小民','18812345678','湖南理工大学',NULL,'59.90',3,'2026-05-30 19:48:48','2026-05-30 08:10:46'),(114,'FM20260530325935489803',11,'黄强','15700000008','南京市鼓楼区中山北路28号江苏商厦',NULL,'198.00',1,'2026-05-30 09:23:34','2026-05-29 23:50:44'),(115,'FM20260530478805974255',4,'张伟','15700000001','北京市朝阳区建国路88号SOHO现代城A座1205室',NULL,'121.80',1,'2026-05-30 13:32:30','2026-05-29 23:50:44'),(116,'FM20260530645367338633',6,'王芳','15700000003','广州市天河区珠江新城花城大道66号',NULL,'396.00',0,'2026-05-30 10:03:44','2026-05-29 23:50:44'),(117,'FM20260530991960914473',4,'张伟','15700000001','北京市朝阳区建国路88号SOHO现代城A座1205室',NULL,'120.20',1,'2026-05-30 15:06:31','2026-05-29 23:50:44'),(118,'FM202605300808563135123',2,'小民','18812345678','湖南理工大学',NULL,'297.70',2,'2026-05-30 08:08:56','2026-05-30 08:09:30'),(119,'FM202605300813306733879',2,'小民','18812345678','湖南理工大学',NULL,'352.00',0,'2026-05-30 08:13:30','2026-05-30 08:13:30');

/*Table structure for table `product` */

DROP TABLE IF EXISTS `product`;

CREATE TABLE `product` (
  `id` int(11) NOT NULL AUTO_INCREMENT,
  `category_id` int(11) NOT NULL COMMENT '所属分类ID',
  `name` varchar(200) NOT NULL COMMENT '商品名称',
  `price` decimal(10,2) NOT NULL COMMENT '售价',
  `stock` int(11) NOT NULL COMMENT '库存数量',
  `specification` varchar(100) DEFAULT NULL COMMENT '规格/重量',
  `image_url` mediumtext,
  `description` text COMMENT '商品详细描述',
  `origin` varchar(100) DEFAULT NULL,
  `shelf_life` varchar(100) DEFAULT NULL,
  `storage_method` varchar(100) DEFAULT NULL,
  `delivery_info` varchar(200) DEFAULT NULL,
  `sales` int(11) DEFAULT '0' COMMENT '销量（用于推荐排序）',
  `status` tinyint(1) NOT NULL DEFAULT '1',
  `created_at` datetime NOT NULL DEFAULT CURRENT_TIMESTAMP,
  `updated_at` datetime NOT NULL DEFAULT CURRENT_TIMESTAMP ON UPDATE CURRENT_TIMESTAMP,
  PRIMARY KEY (`id`),
  KEY `idx_category_id` (`category_id`),
  KEY `idx_name` (`name`),
  KEY `idx_sales` (`sales`),
  CONSTRAINT `fk_product_category` FOREIGN KEY (`category_id`) REFERENCES `category` (`id`) ON UPDATE CASCADE
) ENGINE=InnoDB AUTO_INCREMENT=41 DEFAULT CHARSET=utf8mb4 COMMENT='商品表';

/*Data for the table `product` */

insert  into `product`(`id`,`category_id`,`name`,`price`,`stock`,`specification`,`image_url`,`description`,`origin`,`shelf_life`,`storage_method`,`delivery_info`,`sales`,`status`,`created_at`,`updated_at`) values (1,1,'鲈鱼','42.80',80,'约2kg/条','http://localhost:8080/fishMall/uploads/images/shangpin/product_qingzheng_luyu.jpg','鲜活鲈鱼，肉质细嫩，适合清蒸、红烧和家常炖煮。','广东湛江','冷藏 2 天','0-4℃ 冷藏','同城冷链配送，建议当日食用',128,1,'2026-05-11 17:08:04','2026-05-11 17:08:04'),(2,1,'黑鱼','32.90',95,'约2kg/条','http://localhost:8080/fishMall/uploads/images/shangpin/product_heiyu.jpg','鱼肉紧实，适合酸菜鱼、番茄鱼和水煮鱼。','湖北荆州','冷藏 1 天','0-4℃ 冷藏','同城冷链配送',116,1,'2026-05-11 17:08:04','2026-05-11 17:08:04'),(3,1,'草鱼','18.90',120,'约2.5kg/条','http://localhost:8080/fishMall/uploads/images/shangpin/product_caoyu.jpg','家庭常备淡水鱼，适合红烧、水煮和砂锅炖煮。','湖南岳阳','冷藏 2 天','0-4℃ 冷藏','同城冷链配送',82,1,'2026-05-11 17:08:04','2026-05-11 17:08:04'),(4,1,'鲫鱼','16.80',70,'约1kg/条','http://localhost:8080/fishMall/uploads/images/shangpin/product_jiyu.jpg','鲜活鲫鱼，适合煲汤，汤色浓白，肉质鲜嫩。','江西鄱阳湖','冷藏 2 天','0-4℃ 冷藏','同城冷链配送',73,1,'2026-05-11 17:08:04','2026-05-11 17:08:04'),(5,2,'舟山黄花鱼','39.80',88,'约1kg/条','http://localhost:8080/fishMall/uploads/images/shangpin/product_huanghuayu.jpg','蒜瓣肉明显，鱼香浓郁，适合清蒸、干煎和红烧。','浙江舟山','冷藏 2 天','0-4℃ 冷藏','冷链配送',145,0,'2026-05-11 17:08:04','2026-05-18 23:25:39'),(6,2,'东海带鱼','33.80',110,'约1kg/份','http://localhost:8080/fishMall/uploads/images/shangpin/product_daiyu_duan.jpg','精选带鱼，适合香煎、红烧和糖醋做法。','浙江舟山','冷冻 60 天','-18℃ 冷冻','冷链配送',121,1,'2026-05-11 17:08:04','2026-05-11 17:08:04'),(7,2,'银鲳鱼','49.90',54,'约1.5kg/条','http://localhost:8080/fishMall/uploads/images/shangpin/product_yinchangyu.jpg','刺少肉厚，适合清蒸，口感细腻。','福建宁德','冷藏 2 天','0-4℃ 冷藏','冷链配送',69,1,'2026-05-11 17:08:04','2026-05-11 17:08:04'),(8,2,'鳕鱼','56.80',65,'约1.5g/袋','http://localhost:8080/fishMall/uploads/images/shangpin/product_xueyu_pai.jpg','冷冻去刺鱼排，适合香煎、烘烤和儿童餐。','北太平洋','冷冻 90 天','-18℃ 冷冻','冷链配送',58,1,'2026-05-11 17:08:04','2026-05-11 17:08:04'),(9,3,'活冻基围虾','59.90',97,'500g/份','http://localhost:8080/fishMall/uploads/images/shangpin/product_jiweixia.jpg','虾肉紧实鲜甜，适合白灼、油焖、烧烤和火锅。','福建漳州','冷藏 1 天','0-4℃ 冷藏','同城冷链配送',167,1,'2026-05-11 17:08:04','2026-05-30 08:10:46'),(10,3,'罗氏沼虾','68.00',52,'500g/份','http://localhost:8080/fishMall/uploads/images/shangpin/product_luoshi_zhaoxia.jpg','个头均匀，虾肉饱满，适合白灼和蒜蓉蒸。','广东中山','冷藏 1 天','0-4℃ 冷藏','同城冷链配送',94,1,'2026-05-11 17:08:04','2026-05-11 17:08:04'),(11,3,'斑节虾','88.00',44,'500g/份','http://localhost:8080/fishMall/uploads/images/shangpin/product_banjiexia.jpg','肉质弹牙，适合烧烤、椒盐和油焖。','海南文昌','冷藏 1 天','0-4℃ 冷藏','同城冷链配送',86,1,'2026-05-11 17:08:04','2026-05-11 17:08:04'),(12,3,'小龙虾虾尾','49.90',99,'500g/份','http://localhost:8080/fishMall/uploads/images/shangpin/product_xiaolongxia_xiawei.jpg','已预处理虾尾，适合麻辣、蒜蓉和十三香口味。','湖北潜江','冷冻 60 天','-18℃ 冷冻','冷链配送',133,1,'2026-05-11 17:08:04','2026-05-30 08:08:56'),(13,4,'舟山梭子蟹','79.00',48,'约250g/只','http://localhost:8080/fishMall/uploads/images/shangpin/product_suozixie.jpg','肉质饱满，适合葱姜炒、清蒸和海鲜粥。','浙江舟山','冷藏 1 天','4-8℃ 冷藏','同城冷链配送',98,1,'2026-05-11 17:08:04','2026-05-11 17:08:04'),(14,4,'阳澄湖大闸蟹','108.00',36,'约150g/只','http://localhost:8080/fishMall/uploads/images/shangpin/product_dazhaxie.jpg','蟹黄饱满，适合清蒸，搭配姜醋风味更佳。','江苏苏州','冷藏 2 天','4-8℃ 暂养冷藏','同城冷链配送',76,1,'2026-05-11 17:08:04','2026-05-11 17:08:04'),(15,4,'面包蟹','128.00',18,'约700g/只','http://localhost:8080/fishMall/uploads/images/shangpin/product_mianbaoxie.jpg','蟹膏丰富，肉质鲜甜，适合清蒸和焗烤。','英国北海','冷冻 90 天','-18℃ 冷冻','冷链配送',42,1,'2026-05-11 17:08:04','2026-05-18 10:33:51'),(16,4,'帝王蟹腿','198.00',25,'500g/盒','http://localhost:8080/fishMall/uploads/images/shangpin/product_diwangxie_tui.jpg','蟹腿肉厚实，适合清蒸、火锅和黄油煎。','俄罗斯远东','冷冻 120 天','-18℃ 冷冻','冷链配送',51,1,'2026-05-11 17:08:04','2026-05-11 17:08:04'),(17,5,'鲜活花蛤','19.80',140,'500g/份','http://localhost:8080/fishMall/uploads/images/shangpin/product_huage.jpg','适合辣炒、煮汤，建议充分吐沙后烹饪。','辽宁大连','冷藏 1 天','0-4℃ 冷藏','同城冷链配送',106,1,'2026-05-11 17:08:04','2026-05-11 17:08:04'),(18,5,'扇贝肉','26.80',100,'300g/袋','http://localhost:8080/fishMall/uploads/images/shangpin/product_shanbeirou.jpg','去壳扇贝肉，适合粉丝蒜蓉、炒饭和海鲜汤。','辽宁大连','冷冻 60 天','-18℃ 冷冻','冷链配送',72,1,'2026-05-11 17:08:04','2026-05-11 17:08:04'),(19,5,'鲍鱼仔','96.00',28,'6只/盒','http://localhost:8080/fishMall/uploads/images/shangpin/product_baoyu_zai.jpg','肉质紧实，适合清蒸、红烧和煲汤。','福建连江','冷藏 2 天','0-4℃ 冷藏','同城冷链配送',57,1,'2026-05-11 17:08:04','2026-05-11 17:08:04'),(20,5,'海螺片','39.90',68,'250g/袋','http://localhost:8080/fishMall/uploads/images/shangpin/product_hailuo_pian.jpg','爽脆海螺切片，适合爆炒和凉拌。','山东威海','冷冻 60 天','-18℃ 冷冻','冷链配送',45,1,'2026-05-11 17:08:04','2026-05-11 17:08:04'),(21,6,'巴沙鱼柳','24.80',130,'500g/袋','http://localhost:8080/fishMall/uploads/images/shangpin/product_bashayuliu.jpg','无刺鱼柳，适合酸菜鱼、番茄鱼和香煎。','越南湄公河','冷冻 180 天','-18℃ 冷冻','冷链配送',137,1,'2026-05-11 17:08:04','2026-05-11 17:08:04'),(22,6,'半壳扇贝','38.80',82,'8只/盒','http://localhost:8080/fishMall/uploads/images/shangpin/product_bankeshanbei.jpg','带壳半成品，适合蒜蓉粉丝和烤箱焗烤。','辽宁大连','冷冻 90 天','-18℃ 冷冻','冷链配送',63,1,'2026-05-11 17:08:04','2026-05-11 17:08:04'),(23,6,'冷冻鱿鱼圈','28.80',116,'500g/袋','http://localhost:8080/fishMall/uploads/images/shangpin/product_youyuquan.jpg','适合油炸、爆炒、烧烤和火锅。','山东青岛','冷冻 120 天','-18℃ 冷冻','冷链配送',74,1,'2026-05-11 17:08:04','2026-05-11 17:08:04'),(24,6,'去壳虾仁','46.50',90,'300g/袋','http://localhost:8080/fishMall/uploads/images/shangpin/product_xiaren.jpg','已去壳虾仁，适合炒菜、煮粥、做馅和轻食沙拉。','山东青岛','冷冻 60 天','-18℃ 冷冻','冷链配送',83,1,'2026-05-11 17:08:04','2026-05-11 17:08:04'),(25,7,'福建紫菜','9.90',180,'100g/袋','http://localhost:8080/fishMall/uploads/images/shangpin/product_zicai.jpg','汤品、饭团和早餐常用，开袋即烹。','福建霞浦','常温 180 天','阴凉干燥保存','普通配送',118,1,'2026-05-11 17:08:04','2026-05-11 17:08:04'),(26,7,'淡干虾皮','12.80',150,'250g/袋','http://localhost:8080/fishMall/uploads/images/shangpin/product_xiapi.jpg','适合煲汤、蒸蛋和炒菜调味。','山东荣成','常温 120 天','阴凉干燥保存','普通配送',97,1,'2026-05-11 17:08:04','2026-05-11 17:08:04'),(27,7,'瑶柱干贝','68.00',82,'200g/罐','http://localhost:8080/fishMall/uploads/images/shangpin/product_ganbei.jpg','鲜味浓郁，适合煲粥、煲汤和蒸蛋。','福建霞浦','常温 180 天','阴凉干燥保存','普通配送',61,1,'2026-05-11 17:08:04','2026-05-11 17:08:04'),(28,7,'海带结','9.90',160,'400g/份','http://localhost:8080/fishMall/uploads/images/shangpin/product_haidai_jie.jpg','适合凉拌、炖汤和火锅配菜。','福建霞浦','冷藏 7 天','0-4℃ 冷藏','普通冷链配送',88,1,'2026-05-11 17:08:04','2026-05-11 17:08:04'),(29,8,'手打虾滑','32.80',96,'250g/盒','http://localhost:8080/fishMall/uploads/images/shangpin/product_xiahua.jpg','虾肉含量足，口感弹嫩，适合火锅和煮汤。','广东汕头','冷冻 90 天','-18℃ 冷冻','冷链配送',154,1,'2026-05-11 17:08:04','2026-05-11 17:08:04'),(30,8,'墨鱼丸','22.80',130,'500g/袋','http://localhost:8080/fishMall/uploads/images/shangpin/product_moyuwan.jpg','Q弹墨鱼丸，火锅、关东煮和烧烤皆可。','福建福州','冷冻 90 天','-18℃ 冷冻','冷链配送',103,1,'2026-05-11 17:08:04','2026-05-11 17:08:04'),(31,8,'鱼丸组合','26.80',120,'500g/袋','http://localhost:8080/fishMall/uploads/images/shangpin/product_yuwan_zuhe.jpg','多口味鱼丸组合，适合火锅、煮汤和关东煮。','广东潮州','冷冻 90 天','-18℃ 冷冻','冷链配送',95,1,'2026-05-11 17:08:04','2026-05-11 17:08:04'),(32,8,'蟹籽包','24.90',110,'500g/袋','http://localhost:8080/fishMall/uploads/images/shangpin/product_xiezibao.jpg','汤汁饱满，适合火锅和麻辣烫。','广东潮州','冷冻 90 天','-18℃ 冷冻','冷链配送',67,1,'2026-05-11 17:08:04','2026-05-11 17:08:04'),(33,9,'即食海蜇头','19.80',92,'300g/袋','http://localhost:8080/fishMall/uploads/images/shangpin/product_haizhetou.jpg','开袋凉拌，爽脆下饭，适合作为冷菜小食。','辽宁营口','冷藏 30 天','0-4℃ 冷藏','冷链配送',66,0,'2026-05-11 17:08:04','2026-05-30 08:13:01'),(34,9,'蒲烧烤鳗鱼','59.90',53,'250g/盒','http://localhost:8080/fishMall/uploads/images/shangpin/product_kaomanyu.jpg','加热即食，适合鳗鱼饭、便当和家庭简餐。','福建福清','冷冻 90 天','-18℃ 冷冻','冷链配送',56,1,'2026-05-11 17:08:04','2026-05-30 08:08:56'),(35,9,'麻辣鱼皮','15.80',130,'200g/袋','http://localhost:8080/fishMall/uploads/images/shangpin/product_mala_yupi.jpg','休闲小食，口感脆爽，麻辣鲜香。','广东顺德','冷藏 45 天','0-4℃ 冷藏','冷链配送',79,1,'2026-05-11 17:08:04','2026-05-11 17:08:04'),(36,9,'香辣鱿鱼须','18.90',120,'180g/袋','http://localhost:8080/fishMall/uploads/images/shangpin/product_youyuxu.jpg','开袋即食，适合佐餐、零食和夜宵。','山东青岛','冷藏 45 天','0-4℃ 冷藏','冷链配送',85,1,'2026-05-11 17:08:04','2026-05-11 17:08:04'),(37,10,'家庭火锅水产套餐','99.00',45,'4-5人份','http://localhost:8080/fishMall/uploads/images/shangpin/product_taocan_huoguo.jpg','含虾滑、鱼丸、蟹籽包和鱿鱼圈，适合家庭火锅。','组合装','冷冻 90 天','-18℃ 冷冻','冷链配送',126,1,'2026-05-11 17:08:04','2026-05-11 17:08:04'),(38,10,'清蒸鲜鱼套餐','68.00',50,'2-3人份','http://localhost:8080/fishMall/uploads/images/shangpin/product_taocan_qingzheng.jpg','含鲈鱼、葱姜料包和蒸鱼豉油，适合快手清蒸。','组合装','冷藏 1 天','0-4℃ 冷藏','同城冷链配送',77,1,'2026-05-11 17:08:04','2026-05-11 17:08:04'),(39,10,'海鲜烧烤套餐','128.00',31,'4人份','http://localhost:8080/fishMall/uploads/images/shangpin/product_taocan_shaokao.jpg','含斑节虾、鱿鱼圈、扇贝和调味料，适合周末聚餐。','组合装','冷冻 60 天','-18℃ 冷冻','冷链配送',65,1,'2026-05-11 17:08:04','2026-05-30 08:08:56'),(40,10,'轻食低脂鱼虾套餐','88.00',43,'3日装','http://localhost:8080/fishMall/uploads/images/shangpin/product_taocan_qingshi.jpg','含鳕鱼排、虾仁和巴沙鱼柳，适合轻食备餐。','组合装','冷冻 90 天','-18℃ 冷冻','冷链配送',64,1,'2026-05-11 17:08:04','2026-05-30 08:13:30');

/*Table structure for table `user` */

DROP TABLE IF EXISTS `user`;

CREATE TABLE `user` (
  `id` int(11) NOT NULL AUTO_INCREMENT,
  `avatar` varchar(255) DEFAULT NULL COMMENT '用户头像URL',
  `nickname` varchar(50) NOT NULL COMMENT '用户昵称',
  `phone` varchar(20) NOT NULL COMMENT '手机号',
  `password` varchar(255) NOT NULL COMMENT '密码（加密存储）',
  `role` tinyint(1) NOT NULL DEFAULT '0' COMMENT '0-普通用户，1-管理员',
  `status` tinyint(1) NOT NULL DEFAULT '1' COMMENT '1-正常，0-禁用',
  `created_at` datetime NOT NULL DEFAULT CURRENT_TIMESTAMP COMMENT '创建时间',
  `updated_at` datetime NOT NULL DEFAULT CURRENT_TIMESTAMP ON UPDATE CURRENT_TIMESTAMP COMMENT '更新时间',
  PRIMARY KEY (`id`),
  UNIQUE KEY `uk_phone` (`phone`)
) ENGINE=InnoDB AUTO_INCREMENT=24 DEFAULT CHARSET=utf8mb4 COMMENT='用户表';

/*Data for the table `user` */

insert  into `user`(`id`,`avatar`,`nickname`,`phone`,`password`,`role`,`status`,`created_at`,`updated_at`) values (1,NULL,'系统管理员','19900000000','123456',1,1,'2026-05-11 17:08:04','2026-05-11 17:08:04'),(2,NULL,'小民','18812345678','123456',0,1,'2026-05-11 17:58:15','2026-05-11 17:58:15'),(3,NULL,'111','18811112222','123456',0,1,'2026-05-18 10:17:15','2026-05-18 10:17:15'),(4,NULL,'张伟','15700000001','123456',0,1,'2026-03-30 10:15:00','2026-05-29 21:35:34'),(5,NULL,'李娜','15700000002','123456',0,1,'2026-04-01 14:22:00','2026-05-29 21:35:34'),(6,NULL,'王芳','15700000003','123456',0,1,'2026-04-03 09:08:00','2026-05-29 21:35:34'),(7,NULL,'刘洋','15700000004','123456',0,1,'2026-04-05 16:45:00','2026-05-29 21:35:34'),(8,NULL,'陈静','15700000005','123456',0,1,'2026-04-07 11:30:00','2026-05-29 21:35:34'),(9,NULL,'杨磊','15700000006','123456',0,1,'2026-04-09 08:55:00','2026-05-29 21:35:34'),(10,NULL,'赵敏','15700000007','123456',0,1,'2026-04-11 13:12:00','2026-05-29 21:35:34'),(11,NULL,'黄强','15700000008','123456',0,1,'2026-04-13 17:38:00','2026-05-29 21:35:34'),(12,NULL,'周杰','15700000009','123456',0,1,'2026-04-15 10:02:00','2026-05-29 21:35:34'),(13,NULL,'吴秀英','15700000010','123456',0,1,'2026-04-17 15:49:00','2026-05-29 21:35:34'),(14,NULL,'徐建','15700000011','123456',0,1,'2026-04-19 12:18:00','2026-05-29 21:35:34'),(15,NULL,'孙丽','15700000012','123456',0,1,'2026-04-21 09:34:00','2026-05-29 21:35:34'),(16,NULL,'马超','15700000013','123456',0,1,'2026-04-23 14:56:00','2026-05-29 21:35:34'),(17,NULL,'朱婷','15700000014','123456',0,1,'2026-04-25 08:21:00','2026-05-29 21:35:34'),(18,NULL,'胡兵','15700000015','123456',0,1,'2026-04-27 16:07:00','2026-05-29 21:35:34'),(19,NULL,'郭雪','15700000016','123456',0,1,'2026-04-29 11:44:00','2026-05-29 21:35:34'),(20,NULL,'林涛','15700000017','123456',0,1,'2026-05-01 13:53:00','2026-05-29 21:35:34'),(21,NULL,'何敏','15700000018','123456',0,1,'2026-05-03 10:29:00','2026-05-29 21:35:34'),(22,NULL,'罗刚','15700000019','123456',0,1,'2026-05-05 15:11:00','2026-05-29 21:35:34'),(23,NULL,'梁燕','15700000020','123456',0,1,'2026-05-07 09:47:00','2026-05-29 21:35:34');

/*Table structure for table `user_address` */

DROP TABLE IF EXISTS `user_address`;

CREATE TABLE `user_address` (
  `id` int(11) NOT NULL AUTO_INCREMENT,
  `user_id` int(11) NOT NULL,
  `receiver_name` varchar(50) NOT NULL,
  `receiver_phone` varchar(20) NOT NULL,
  `address_detail` varchar(255) NOT NULL,
  `is_default` tinyint(1) NOT NULL DEFAULT '0',
  `created_at` datetime NOT NULL DEFAULT CURRENT_TIMESTAMP,
  `updated_at` datetime NOT NULL DEFAULT CURRENT_TIMESTAMP ON UPDATE CURRENT_TIMESTAMP,
  PRIMARY KEY (`id`),
  KEY `idx_address_user_id` (`user_id`),
  CONSTRAINT `fk_address_user` FOREIGN KEY (`user_id`) REFERENCES `user` (`id`) ON DELETE CASCADE ON UPDATE CASCADE
) ENGINE=InnoDB AUTO_INCREMENT=32 DEFAULT CHARSET=utf8mb4;

/*Data for the table `user_address` */

insert  into `user_address`(`id`,`user_id`,`receiver_name`,`receiver_phone`,`address_detail`,`is_default`,`created_at`,`updated_at`) values (1,2,'小民','18812345678','湖南理工大学',1,'2026-05-11 19:04:05','2026-05-11 19:04:11'),(2,4,'张伟','15700000001','北京市朝阳区建国路88号SOHO现代城A座1205室',1,'2026-05-29 21:35:34','2026-05-29 21:35:34'),(3,5,'李娜','15700000002','上海市浦东新区张江高科技园区碧波路690号3号楼201',1,'2026-05-29 21:35:34','2026-05-29 21:35:34'),(4,5,'李小红','15700000002','上海市徐汇区漕溪北路595号上海电影广场',0,'2026-05-29 21:35:34','2026-05-29 21:35:34'),(5,6,'王芳','15700000003','广州市天河区珠江新城花城大道66号',1,'2026-05-29 21:35:34','2026-05-29 21:35:34'),(6,6,'王大伟','15700000003','广州市海珠区新港中路354号琶洲商业广场',0,'2026-05-29 21:35:34','2026-05-29 21:35:34'),(7,7,'刘洋','15700000004','深圳市南山区科技园科苑路15号科兴科学园B栋',1,'2026-05-29 21:35:34','2026-05-29 21:35:34'),(8,8,'陈静','15700000005','杭州市西湖区文三路478号华星时代广场',1,'2026-05-29 21:35:34','2026-05-29 21:35:34'),(9,8,'陈立','15700000005','杭州市滨江区江南大道108号康恩贝大厦',0,'2026-05-29 21:35:34','2026-05-29 21:35:34'),(10,9,'杨磊','15700000006','成都市武侯区天府大道中段688号国际人才城',1,'2026-05-29 21:35:34','2026-05-29 21:35:34'),(11,10,'赵敏','15700000007','武汉市洪山区珞喻路1037号',1,'2026-05-29 21:35:34','2026-05-29 21:35:34'),(12,11,'黄强','15700000008','南京市鼓楼区中山北路28号江苏商厦',1,'2026-05-29 21:35:34','2026-05-29 21:35:34'),(13,11,'黄明','15700000008','南京市玄武区北京东路22号和平大厦',0,'2026-05-29 21:35:34','2026-05-29 21:35:34'),(14,12,'周杰','15700000009','重庆市渝中区解放碑民权路28号英利国际',1,'2026-05-29 21:35:34','2026-05-29 21:35:34'),(15,13,'吴秀英','15700000010','天津市和平区南京路108号现代城',1,'2026-05-29 21:35:34','2026-05-29 21:35:34'),(16,14,'徐建','15700000011','苏州市姑苏区干将西路1296号',1,'2026-05-29 21:35:34','2026-05-29 21:35:34'),(17,14,'徐丽华','15700000011','苏州市工业园区星湖街328号创意产业园',0,'2026-05-29 21:35:34','2026-05-29 21:35:34'),(18,15,'孙丽','15700000012','西安市雁塔区科技路48号创业广场',1,'2026-05-29 21:35:34','2026-05-29 21:35:34'),(19,16,'马超','15700000013','长沙市岳麓区麓山南路932号',1,'2026-05-29 21:35:34','2026-05-29 21:35:34'),(20,16,'马建国','15700000013','长沙市开福区芙蓉中路一段479号',0,'2026-05-29 21:35:34','2026-05-29 21:35:34'),(21,17,'朱婷','15700000014','郑州市金水区花园路39号国贸新领地',1,'2026-05-29 21:35:34','2026-05-29 21:35:34'),(22,18,'胡兵','15700000015','济南市历下区泉城路180号贵和购物中心',1,'2026-05-29 21:35:34','2026-05-29 21:35:34'),(23,19,'郭雪','15700000016','青岛市市南区香港中路8号海信广场',1,'2026-05-29 21:35:34','2026-05-29 21:35:34'),(24,20,'林涛','15700000017','厦门市思明区鹭江道18号国际银行大厦',1,'2026-05-29 21:35:34','2026-05-29 21:35:34'),(25,21,'何敏','15700000018','合肥市蜀山区长江西路130号',1,'2026-05-29 21:35:34','2026-05-29 21:35:34'),(26,21,'何小明','15700000018','合肥市包河区马鞍山路150号万达广场',0,'2026-05-29 21:35:34','2026-05-29 21:35:34'),(27,22,'罗刚','15700000019','福州市鼓楼区五四路158号环球广场',1,'2026-05-29 21:35:34','2026-05-29 21:35:34'),(28,22,'罗志强','15700000019','福州市台江区八一七中路798号',0,'2026-05-29 21:35:34','2026-05-29 21:35:34'),(29,23,'梁燕','15700000020','昆明市五华区东风西路129号',1,'2026-05-29 21:35:34','2026-05-29 21:35:34'),(30,23,'梁文静','15700000020','昆明市盘龙区北京路900号颐高数码',0,'2026-05-29 21:35:34','2026-05-29 21:35:34'),(31,2,'小民','18812345678','湖南理工大学',0,'2026-05-29 21:35:34','2026-05-29 21:35:34');

/*!40101 SET SQL_MODE=@OLD_SQL_MODE */;
/*!40014 SET FOREIGN_KEY_CHECKS=@OLD_FOREIGN_KEY_CHECKS */;
/*!40014 SET UNIQUE_CHECKS=@OLD_UNIQUE_CHECKS */;
/*!40111 SET SQL_NOTES=@OLD_SQL_NOTES */;
